nombre,especialidad,procedimientos,ubicacion,servicio,precio_original,precio_numerico,tipo_precio
Dr. Luis Carlos Olguín Delgado,"Traumatólogo, Ortopedista","Cirugía de tobillo, Cirugía del pie, Lesiones de cartilago, Cirugía de pie y tobillo, Cirugía mínima invasiva","Camino Santa Teresa 1055, Magdalena Contreras",Visita de primera vez,"$2,000",2000.0,exacto
Dr. Victor Adrian López López,"Ortopedista, Traumatólogo","Cirugía articular, Reconstrucción articular, Trauma de urgencia","Tlacotalpan 59, Cuauhtémoc",Visita de primera vez,"$1,500",1500.0,exacto
Dr. Victor Adrian López López,"Ortopedista, Traumatólogo","Cirugía articular, Reconstrucción articular, Trauma de urgencia","TUXPAN 29 COLONIA ROMA (TORRE MEDICA DALINDE) CONSULTORIO 701, Cuauhtémoc",Visita de primera vez,"$1,500",1500.0,exacto
Dr. Juan Francisco Javier Valles Figueroa,"Ortopedista, Traumatólogo","Cirugía columna, Prótesis de rodilla, Reemplazo articular de cadera, Cirugía mínima invasiva, Trauma de urgencia, Cirugía de tobillo, Cirugía del pie, Reconstrucción articular","Avenida Ejército Nacional 613 Consultorio 501. Torre Nueva. Hospital Español, Ciudad de México",Visita de primera vez,Precio sin especificar,,no especificado
Dr. Guillermo Ivan Ladewig Bernaldez,"Ortopedista, Traumatólogo","Cirugía de columna, Cirugía de columna","Avenida Universidad 1088, Ciudad de México",Visita de primera vez,"$1,500",1500.0,exacto
Dr. Guillermo Ivan Ladewig Bernaldez,"Ortopedista, Traumatólogo","Cirugía de columna, Cirugía de columna","Camino Santa Teresa 1055. Col. Heroes de Padierna, Ciudad de México",Visita de primera vez,"$1,500",1500.0,exacto
Dr. Jorge Luis Campa Arellano,"Ortopedista, Traumatólogo","Artroscopia, Artroscopia de hombro, Prótesis de rodilla, Reemplazo articular de cadera, Artroscopia de hombro, Artroscopia de rodilla","Puente de Piedra #150, Torre 1, Consultorio #118, Tlalpan",Visita de primera vez,"$1,900",1900.0,exacto
Dr. Gustavo Amador Ventura,"Ortopedista, Traumatólogo","Cirugía de columna, Artroscopia de hombro, Cirugía hombro, Cirugía mínima invasiva, Trauma de urgencia, Artroscopia, Reconstrucción articular, Lesiones de cartilago","Camino a Sta. Teresa 1055-S, Ciudad de México",Visita de primera vez,Precio sin especificar,,no especificado
Dr. Gustavo Amador Ventura,"Ortopedista, Traumatólogo","Cirugía de columna, Artroscopia de hombro, Cirugía hombro, Cirugía mínima invasiva, Trauma de urgencia, Artroscopia, Reconstrucción articular, Lesiones de cartilago","Av. Universidad 1080, Ciudad de México",Visita de primera vez,Precio sin especificar,,no especificado
Dr. Luis Manuel Alanis Ocadiz,"Ortopedista, Traumatólogo","Artroscopia y lesiones deportivas, Cirugía hombro, Cirugía de rodilla, Prótesis, Trauma de urgencia, Trauma extrahospitalaria, Artroplastia, Reconstrucción articular","Avenida Río Churubusco 601, Benito Juárez",Visita de primera vez,"$1,200",1200.0,exacto
Dr. Alfonso González Martínez Reding,"Ortopedista, Traumatólogo","Cirugía de columna, Cirugía de columna vertebral","Av. Universidad 1080, Benito Juárez",Visita de primera vez,"$1,300",1300.0,exacto
Dr. Rubén Arriaga Sánchez,"Ortopedista, Traumatólogo","Cirugía articular, Cirugía cadera, Reconstrucción articular, Cirugía de rodilla","Camino Sta. Teresa 1055, Magdalena Contreras",Visita de primera vez,"$1,500",1500.0,exacto
Dr. José Manuel Villazón Laso,"Ortopedista, Traumatólogo","Ortopedista pediatra, Pediátrica, Trauma extrahospitalaria","AV. LOMAS VERDES # 2165 PISO 11 SUITE 1 COL. SANTIAGO OCCIPACO, Naucalpan de Juárez",Visita de primera vez,Precio sin especificar,,no especificado
Kinética,"Ortopedista, Algólogo, Traumatólogo",,"División del Norte 3395, Piso 6, Consultorio 621 Torre Médica Hospital HMG Coyoacán, Ciudad de México",Visita de primera vez,$812,812.0,exacto
Dr. Christian Camargo Zetina,"Ortopedista, Traumatólogo","Cirugía de columna, Prótesis de rodilla, Reemplazo articular de cadera, Artroplastia, Trauma de urgencia, Cirugía articular","Calle de Durango 296, Ciudad de México",Visita de primera vez,"$1,200",1200.0,exacto
Dr. Henry Herbert Hartjen,"Traumatólogo, Ortopedista","Prótesis de rodilla, Cirugía de la mano, Reconstrucción articular, Cirujano de mano y microcirugía, Artroscopia y lesiones deportivas, Microcirugía, Cirugía hombro, Cirugía de rodilla","Atenas 137, Tlalnepantla de Baz",Visita de primera vez,$600,600.0,exacto
Dra. Elsa Zárate,"Traumatólogo, Ortopedista",,"Circuito Novelistas 7, ciudad satélite, Naucalpan",Visita de primera vez,"$1,200",1200.0,exacto
Dr. Luis Alberto Cerrada Moreno,"Traumatólogo, Ortopedista",Tumores oseos,"Árbol del Fuego 80, El Rosario, Coyoacán, Coyoacán",Visita de primera vez,$850,850.0,exacto
Dr. Eliu Hazael Morales Rangel,"Ortopedista, Traumatólogo","Cirugía articular, Artroscopia, Cirugía cadera, Artroplastia, Prótesis de cadera, Prótesis de rodilla, Reemplazo articular de cadera, Reconstrucción articular","Calle Riobamba 639, Gustavo A Madero",Visita de primera vez,"desde $1,000",1000.0,desde
Dr. Fernando Gómez Verdejo,"Ortopedista, Traumatólogo","Artroscopia y lesiones deportivas, Artroscopia de rodilla, Artroscopia de hombro, Artroscopia de cadera, Prótesis de cadera, Prótesis de rodilla, Cirugía de hombro, Lesiones de cartilago","Camino a Santa Teresa 1055, Magdalena Contreras",Visita de primera vez,"desde $2,000",2000.0,desde
Dr. Juan Manuel Núñez Díaz,"Ortopedista, Traumatólogo","Artroscopia y lesiones deportivas, Prótesis de rodilla, Reemplazo articular de cadera, Reconstrucción articular, Trauma de urgencia, Trauma extrahospitalaria, Lesiones de cartilago","Agrarismo 208, Colonia Escandón II, Miguel Hidalgo",Visita de primera vez,"desde $1,000",1000.0,desde
Dr. Juan Manuel Núñez Díaz,"Ortopedista, Traumatólogo","Artroscopia y lesiones deportivas, Prótesis de rodilla, Reemplazo articular de cadera, Reconstrucción articular, Trauma de urgencia, Trauma extrahospitalaria, Lesiones de cartilago","Avenida Universidad 1080, Benito Juárez",Visita de primera vez,"$1,000",1000.0,exacto
Dr. Pablo Lopez Lucio,Médico general,,"eje 2 sur Queretaro 157, Ciudad de México",Visita de primera vez,Precio sin especificar,,no especificado
Hospital Angeles Pedregal,"Alergólogo, Anatomopatólogo, Anestesiólogo",", Angiólogo, Audiólogo, Cardiólogo, Cirujano cardiovascular y torácico, Cirujano de la mano, Cirujano estético y cosmético, Cirujano general, Cirujano maxilofacial, Cirujano oncólogo, Cirujano pediátrico, Cirujano plástico, Dermatólogo, Endocrinólogo, Endoscopista, Gastroenterólogo, Genetista, Geriatra, Ginecólogo, Hematólogo, Infectólogo, Inmunólogo, Analista clínico, Especialista en medicina crítica y terapia intensiva, Médico estético, Médico general, Internista, Nefrólogo, Neonatólogo, Neumólogo, Neurocirujano, Neurofisiólogo, Neurólogo, Nutricionista, Nutriólogo clínico, Especialista en obesidad y delgadez, Dentista - odontólogo, Oftalmólogo, Oncólogo médico, Oncólogo pediátrico, Ortopedista, Otorrinolaringólogo, Patólogo clínico, Pediatra, Proctólogo, Psicoanalista, Psicólogo, Psiquiatra, Radiólogo, Especialista en rehabilitación y medicina física, Reumatólogo, Sexólogo, Algólogo, Traumatólogo, Urgenciólogo, Urólogo","Camino a Santa Teresa 1055, Magdalena Contreras",Visita de primera vez,"desde $2,000",2000.0,desde
